Zip Code,2018-02-28,2018-01-31,2017-12-31,2017-11-30,2017-10-31,2017-09-30,2017-08-31,2017-07-31,2017-06-30,2017-05-31,2017-04-30,2017-03-31,2017-02-28,2017-01-31,2016-12-31,2016-11-30,2016-10-31,2016-09-30,2016-08-31,2016-07-31,2016-06-30,2016-05-31,2016-04-30,2016-03-31,2016-02-29,2016-01-31,2015-12-31,2015-11-30,2015-10-31,2015-09-30,2015-08-31,2015-07-31,2015-06-30,2015-05-31,2015-04-30,2015-03-31,2015-02-28,2015-01-31,2014-12-31,2014-11-30,2014-10-31,2014-09-30,2014-08-31,2014-07-31,2014-06-30,2014-05-31,2014-04-30,2014-03-31,2014-02-28,2014-01-31,2013-12-31,2013-11-30,2013-10-31,2013-09-30,2013-08-31,2013-07-31,2013-06-30,2013-05-31,2013-04-30,2013-03-31,2013-02-28,2013-01-31,2012-12-31,2012-11-30,2012-10-31,2012-09-30,2012-08-31,2012-07-31,2012-06-30,2012-05-31,2012-04-30,2012-03-31,2012-02-29,2012-01-31,2011-12-31,2011-11-30,2011-10-31,2011-09-30,2011-08-31,2011-07-31,2011-06-30,2011-05-31,2011-04-30,2011-03-31,2011-02-28,2011-01-31,2010-12-31,2010-11-30,2010-10-31,2010-09-30,2010-08-31,2010-07-31,2010-06-30,2010-05-31,2010-04-30,2010-03-31,2010-02-28,2010-01-31,2009-12-31,2009-11-30,2009-10-31,2009-09-30,2009-08-31,2009-07-31,2009-06-30,2009-05-31,2009-04-30,2009-03-31,2009-02-28,2009-01-31,2008-12-31,2008-11-30,2008-10-31,2008-09-30,2008-08-31,2008-07-31,2008-06-30,2008-05-31,2008-04-30,2008-03-31,2008-02-29,2008-01-31,2007-12-31,2007-11-30,2007-10-31,2007-09-30,2007-08-31,2007-07-31,2007-06-30,2007-05-31,2007-04-30,2007-03-31,2007-02-28,2007-01-31,2006-12-31,2006-11-30,2006-10-31,2006-09-30,2006-08-31,2006-07-31,2006-06-30,2006-05-31,2006-04-30,2006-03-31,2006-02-28,2006-01-31,2005-12-31,2005-11-30,2005-10-31,2005-09-30,2005-08-31,2005-07-31,2005-06-30,2005-05-31,2005-04-30,2005-03-31,2005-02-28,2005-01-31,2004-12-31,2004-11-30,2004-10-31,2004-09-30,2004-08-31,2004-07-31,2004-06-30,2004-05-31,2004-04-30,2004-03-31,2004-02-29,2004-01-31,2003-12-31,2003-11-30,2003-10-31,2003-09-30,2003-08-31,2003-07-31,2003-06-30,2003-05-31,2003-04-30,2003-03-31,2003-02-28,2003-01-31
60622,279100,278200,278100,278600,279500,279900,278100,276400,277700,279200,278800,277800,277600,276200,274100,270800,267300,265100,265000,264600,263000,260000,257900,255900,254800,253700,252300,250100,248800,248000,247500,246800,245700,244200,242400,241900,243400,245500,246100,244700,243100,241600,240200,239200,238700,238300,238500,237700,235400,233800,233200,231900,230900,230400,228300,224000,219600,216400,214200,212400,209800,207300,205100,203200,201300,201800,202600,201700,200500,201300,201200,200100,200200,202400,205300,209300,212500,214200,214400,215100,216200,218900,222200,224600,225400,225000,224500,225200,226900,227600,229200,231900,234300,234200,232300,232500,234400,236200,237700,239900,241000,240700,241100,243600,246300,248000,250300,252400,254200,255500,256800,257500,258600,260400,261900,262800,264200,265000,266000,267800,269600,270700,271600,272000,271200,270300,269300,268600,267500,266500,266800,267900,266800,264500,264400,265200,266600,268200,270700,271600,271500,273100,274400,273800,274000,274700,271800,267800,264300,263200,262800,262800,262100,260600,258300,255800,252600,250200,249100,248200,246400,243500,241400,241600,243600,244600,242300,240000,240100,239400,237100,236800,238200,238400,237800,236700,233400,229000,225000,221600,219600,219600
60640,143000,142600,143000,144500,146500,147300,147400,147700,148600,149200,149200,148600,147600,146300,145000,143800,143200,142600,142800,140800,137100,133700,131900,130500,129600,128000,126500,125800,126000,126100,126400,127600,129700,130700,129200,128100,129500,131500,132000,131300,130400,130000,129900,130100,130100,129300,128900,129000,128300,126900,125600,123800,121500,118200,114500,111600,109700,108900,108100,107600,105600,104000,102600,101100,99300,99000,99800,100700,100300,99300,98700,98500,99600,100800,101500,103500,106700,109800,112100,112700,113300,115000,116900,118500,120500,122500,124200,126800,130500,134100,136700,138600,139500,140600,142400,143700,143300,144900,148800,150500,149400,148200,148200,149400,151400,153800,156200,158200,160000,161200,162300,163800,165800,167500,169700,172000,174200,176300,178500,180300,182100,183300,183100,182400,181700,181100,179800,179900,181500,182200,180800,180100,180100,179700,179200,178500,178000,178100,178600,178100,177200,176000,175300,175100,174700,172800,170800,170000,169900,169300,168600,168500,168200,167600,166900,166300,166300,167000,167900,168200,167700,166500,165300,163800,162700,162600,163100,162800,162400,163000,164000,164300,164300,164600,164700,164600,164300,163400,162000,160800,159300,157500
60611,268000,268000,268700,270600,272200,273000,273000,271900,271000,272400,274800,275900,275000,271700,267100,263200,262300,263000,262900,260900,260100,259900,259300,258700,258800,257600,255500,255000,256600,259000,261800,264700,266700,267300,265900,262200,258800,257200,256300,255400,254300,253500,253300,253600,253400,253500,253200,253000,252600,251000,247700,245400,243600,242100,240600,238000,233500,229100,225300,223200,222200,220900,219600,217900,215200,212300,210100,208000,207000,206300,205500,204100,203200,202400,202500,202100,203400,205100,206400,207000,208000,208800,211200,214100,217000,218100,217300,217100,219000,219300,219500,221100,222300,221600,220300,220800,221700,231400,247200,257500,257900,259600,261100,263000,265200,268400,271600,274300,277300,278500,278200,278700,281100,284400,287600,291500,296400,299600,300700,300900,299200,293800,288100,286100,285400,284000,283600,283000,281100,281700,284700,287600,288700,287600,285800,284900,286100,287000,285700,283000,281100,280000,279300,280000,280800,280800,280300,279900,277400,273700,271500,269800,268500,268700,267900,264900,262000,258600,254400,251500,250600,249000,247200,247200,249600,250500,248600,245800,244800,244100,242700,242600,244000,246000,247000,246000,241200,236400,233600,232000,230600,230300
60631,130200,129700,129500,129800,129000,127400,127400,128300,128300,127600,127600,127900,126800,125300,123800,123000,122900,123400,122800,123200,124300,124100,121400,119600,118200,117300,115800,115000,115100,114100,112600,112300,113600,113200,112200,110500,110000,111300,113300,113200,111600,109900,108700,107800,106700,106800,106900,106500,106600,107100,107200,106800,105900,103500,98600,94300,94400,95200,94800,92600,91000,92600,96900,98700,97600,98200,102000,105600,104800,102600,102000,104200,106000,107400,109100,111200,112800,115800,117300,116800,117600,120900,124600,126700,127300,127400,126900,126900,128700,131300,133700,135700,137200,137700,137800,138900,142000,139000,131800,129100,132000,133100,133600,133400,133600,135300,138000,140500,142400,145100,148800,152200,154000,155800,158200,160500,162200,163500,165200,166400,167900,170500,173800,176300,178000,178100,178400,180200,182000,181200,180700,180400,178300,175800,174600,173800,172900,172600,173100,174600,176800,178900,179200,178800,178600,178400,177200,174600,171500,170200,169700,169500,170600,171700,171300,170900,171200,171100,170600,170100,168400,165700,163200,161000,158500,156900,155900,154800,154000,154900,156200,157100,158200,159900,159300,156600,151200,145900,142800,142000,140800,140100
60657,220600,219100,218000,218400,219200,218500,217000,216100,216000,216800,217300,216300,215000,214000,213000,211300,209900,209400,210100,210200,209700,209000,208000,206400,205300,204300,203500,202600,201400,199700,198800,198900,199200,199000,198400,197000,196100,196600,197900,198200,198200,198500,197700,196800,196100,194300,191800,190500,189400,188700,187900,186000,184000,183000,182400,181600,179400,176300,173800,171900,169200,167900,167100,166400,166400,167300,168100,168800,169200,169000,169200,169900,171700,173000,174400,176700,177900,178100,178900,179600,180000,182000,184000,185900,187500,188300,188500,189900,191600,193500,195100,196600,197300,197700,198100,199300,201400,203700,204700,204200,204100,204000,203400,203200,204600,207300,210200,212000,213100,214200,215500,216900,218600,220600,223200,226400,229800,231400,232100,233100,233700,233200,232800,232200,231800,231900,231800,230500,229300,227800,226200,225200,225700,227100,229600,231500,232700,233000,232900,232600,232600,233500,234800,235200,234400,232900,231800,231500,230000,227700,225000,222300,221100,221800,222100,220800,218400,216200,214900,214100,212600,210300,208000,206700,206200,206000,205800,206000,206800,207200,207200,207800,209700,211800,213200,213400,210400,205300,201800,200600,198700,196700
60659,115400,115500,115100,115900,117000,116300,114700,112100,110900,110700,110900,110900,110500,108400,106000,103500,101200,100700,101200,102400,103800,105200,103400,101600,101900,103100,103300,103600,102700,99900,96500,94300,94200,95400,96300,95100,93200,91900,91800,91000,88900,86800,85100,82600,79000,76700,77400,78400,77600,77200,76400,76000,75900,75100,74300,74800,73900,72100,71900,72400,72000,72500,75000,77000,78800,80700,81400,81700,83300,85100,85500,85500,85800,88900,92800,93200,92900,95200,98800,102500,106500,108700,108600,108500,110400,113200,114600,115300,115800,116800,119500,123100,125900,126800,127400,129200,131600,127500,121500,121900,126600,128600,129200,128600,128700,131600,135900,139600,142800,146400,150400,154000,156900,159700,162600,165200,167500,167800,167600,168000,168000,167600,168200,168200,167000,165700,164700,163700,162600,162200,162200,162300,162800,163000,162800,163500,164800,165700,165500,165300,165400,165600,166000,167000,167300,167500,166800,164800,162900,161400,160000,159000,159600,160600,159700,157600,156100,155400,154400,153700,152200,151200,150800,151000,150800,149500,148300,147900,147300,145900,145200,144300,143000,141900,141600,140200,137000,135100,134800,133600,131700,131100
60605,246600,245900,245600,245900,245400,244400,243600,243500,243100,243300,245300,248100,248800,247300,244900,242900,240900,239000,238500,236300,232700,230600,229600,228100,227100,226000,225400,225700,226100,225900,225100,224900,225600,224200,220800,218300,217600,217700,217500,217300,217500,218200,218700,220300,221700,222100,221000,220200,219400,219200,218900,218400,216700,213400,209300,205700,201500,197200,194000,191400,189500,189300,190700,190200,188200,187000,188000,188000,187400,187100,187500,185800,184100,184100,184800,185400,187900,190200,192100,194500,196900,198300,199300,200900,203200,204200,203800,204300,206500,208200,209400,210500,212000,213400,214800,216600,218100,219100,220000,221100,220900,221000,220700,220400,221200,224100,227500,230800,233300,235600,238300,241100,243400,245800,248500,251500,253700,255200,255900,255900,255600,255500,254900,254500,254500,255700,255400,253200,251200,250700,250700,251900,253300,252700,250900,248800,247200,246400,247100,248000,248900,248300,247600,246800,244900,242300,240900,240200,239500,238100,236800,236500,236500,236300,234400,231400,228900,227300,226600,225800,224700,222000,218900,215300,213600,212800,212600,213500,215900,217200,216900,217400,217400,216700,215900,215500,213300,210000,207200,205300,203500,202800
60601,304200,305500,305800,305300,304000,301300,299600,301900,306500,309100,308900,309700,313200,313300,309000,305600,303800,302000,302700,302000,298800,297300,298800,299000,298000,296400,295500,294400,292400,291200,290400,286600,279000,273200,270300,267400,264800,265200,267600,269300,270200,269900,269100,269000,271500,274500,277500,277200,274700,272600,271500,270400,270700,270900,272000,273900,272000,266700,261800,257400,251700,246800,244600,244700,245800,246800,245900,242200,239900,238800,237600,236100,236900,237300,236000,235300,235500,235300,234000,233300,233300,235600,237700,239000,238900,240100,242000,241700,241000,243200,245200,246800,250300,253100,254100,258600,264500,270200,275600,279200,279500,279600,279800,280100,280900,283400,287800,292000,295600,297800,299200,302100,305600,308100,310500,314400,315700,313300,309600,308500,309600,309600,308700,309500,309400,306100,303600,302100,301400,302500,305300,306300,305100,303400,302900,301200,300700,302300,304600,305300,305900,305800,304100,300000,295700,294800,296300,294600,289200,284100,278800,276600,278300,280800,281000,277900,273700,267600,259200,253400,253000,253000,253700,252600,248200,243600,240100,238300,238200,237600,236600,237100,238400,239500,241000,242700,242400,238700,235200,235300,236500,236100
60614,240000,238100,236400,236400,236700,236800,237900,239300,240400,241200,242600,244500,246900,246800,244500,241600,240700,241000,242500,242800,241600,239700,238200,236300,233900,231700,230800,231200,231100,230300,229300,228500,228600,228900,227900,226000,225300,225600,225900,225700,225300,225100,225100,225400,225700,225500,225200,223600,221300,220000,219300,218700,218300,217000,215000,213100,209900,205900,203100,201500,200500,200000,199500,198300,197000,196600,196200,195000,194100,194100,193500,193000,192900,193600,195500,197900,200100,201800,201400,200100,201300,204500,207400,209800,211400,210700,208400,207900,209400,210400,211600,214900,217200,217500,216900,218200,220200,226900,234000,236300,234400,233600,233900,234300,234700,235900,238000,239200,240400,241100,241600,242400,244100,246000,248400,250700,253200,256100,259500,261800,262400,260500,258700,258300,258200,258300,258900,259400,258800,256900,254200,253800,255600,256400,256900,258500,260400,261800,262900,262300,261600,262000,262800,263000,262400,259600,256900,255700,256000,255200,254500,254400,254400,253100,251300,248800,245800,244200,243200,242000,240100,237500,234200,233100,232800,232000,232200,233700,234300,234400,234000,233700,234600,235200,233700,231500,229400,228100,227200,225600,223700,224200
60654,293900,292500,291900,292500,293300,294000,293400,290500,288500,288100,288500,288600,288300,285100,281000,277900,276000,273900,272500,272500,272600,272500,271800,271700,271700,271200,269600,268900,270000,271500,272000,272900,275800,276500,272300,266700,263500,262900,264000,264100,263300,263800,263900,263200,262200,261400,259800,257000,253800,251600,249700,247200,244700,241900,238800,234100,229100,224300,220600,219600,220800,220100,217200,215200,213400,210300,208100,206900,204700,202600,202400,201900,201500,203100,205800,207800,209400,211100,212200,212300,213000,216300,220500,222800,224300,224600,223600,223000,223900,224600,226600,230900,235000,235900,235000,235500,235800,238500,243700,247400,248600,250600,251500,251900,253200,255600,258900,261800,264300,265700,266600,267900,270000,272000,273400,275700,278300,280100,281200,281600,279900,278300,277700,278800,279800,280200,281100,280600,276000,272300,271300,272700,276000,278900,279400,278800,277800,276500,275900,275100,275400,277200,280500,282200,280900,278100,275500,271400,266000,263300,262500,261600,259900,257900,254500,252300,251200,251000,251800,254100,255600,253800,251000,251600,256500,258000,253500,247500,244300,240900,237700,235900,236100,236200,234600,232200,230700,229300,228700,229000,229400,228400
60625,145800,146000,146600,146900,146900,146800,147400,148500,149100,148200,146700,146000,146200,146300,145000,142600,139000,135600,135500,139600,142300,141500,139500,137900,136300,135100,133300,131700,130600,130900,132100,132600,132200,133600,135200,134400,134100,134500,132800,130700,129700,128800,127500,126400,126100,125000,123300,123300,124200,124000,124300,125600,126000,123700,120600,117700,114200,109500,106100,105300,105500,105200,105500,107200,109600,110900,111000,111300,112200,112600,112500,111800,111600,112600,115100,118100,122800,128800,131400,130000,130200,135100,141600,146100,146500,146800,149100,149900,146600,144400,145700,148400,150400,151600,152400,153800,155400,156400,155300,153500,153400,154500,156500,158800,160800,162700,164800,166400,167900,169400,171000,172400,173800,175300,177600,180300,183100,184600,185000,185500,186700,187200,188300,190000,191100,190000,187600,186200,185300,184600,183400,182200,181800,181700,180500,180700,182300,184200,185600,186200,186000,185900,185900,185700,186200,187100,187300,186000,183500,181000,179200,179000,179400,180000,179000,177600,176900,176800,175900,173900,172200,171800,171400,169800,168900,168700,169200,169900,169700,169100,169200,169400,169800,169000,166500,163700,160400,157500,156800,156600,154900,153400
60626,111800,112300,111500,110000,109200,109000,108900,108900,108500,107300,106200,106500,106800,105700,104000,103500,103800,103200,101500,99300,97900,97200,95800,94500,93700,93500,94700,96600,97000,96000,95100,94600,93700,93000,93200,93000,91600,91500,92200,92000,90900,89700,87200,85400,84600,83600,82800,82100,80200,78600,77900,77500,76400,75500,75200,74300,73400,72200,71100,71400,72600,72100,71500,71800,71700,71700,72200,72900,74100,77500,81000,81700,82800,87200,91000,91500,94100,99300,105200,109300,111600,111900,112400,113300,114300,114800,115300,116500,117500,118600,120400,123600,127300,128900,128600,129100,130500,129200,127100,127800,130100,130300,129900,130000,130800,132900,135700,138400,140900,143500,146100,148800,151100,153500,155300,157400,159000,159500,160100,161800,163300,164300,165700,166100,165400,164900,165000,165000,165100,165400,165800,166000,165700,165400,165700,166500,167200,167600,167800,167900,167600,168000,168300,167400,166400,166000,165800,165200,163800,161600,159600,157700,156200,156100,156700,157200,157200,155900,152900,150400,149500,149400,148800,147500,145100,142600,141600,142200,142300,142600,143600,144700,144200,142400,140600,139300,138400,137500,136300,134300,132400,131500
60661,282400,281700,281500,281800,281100,279800,279100,279300,280800,283300,284100,284000,283800,284100,282600,280500,281000,282400,282900,277200,267600,262700,263000,260400,257900,256400,254200,251900,250600,249200,248200,247600,247000,244300,240500,237900,237800,239200,240500,240800,240500,240000,239500,238900,238500,237700,236500,235000,233700,233300,233500,232400,229900,227100,224100,221300,217800,213500,209000,204800,201900,200700,200000,198200,195800,194900,194900,194500,194500,196100,197800,197800,196700,196700,197800,198900,199100,198400,198400,200800,204200,206400,206900,208600,209500,208800,208500,210400,213600,216800,219000,220900,222300,222800,224000,227400,230600,230100,227400,226900,228100,228500,228600,228800,230500,234000,237900,240600,243400,246700,250000,253100,256100,259000,262400,264800,265900,266800,268800,270500,270500,270200,270700,269200,267500,268300,268500,266300,263400,261200,258500,256300,255500,255800,256100,256800,257000,257200,257800,258700,258900,257400,255800,255800,256300,257000,257500,256600,253900,250300,247200,246500,247200,247500,247400,247900,247400,245700,244500,244800,245400,244600,243000,241500,240900,242600,242900,239800,237100,236100,234500,232200,229300,226200,224000,222600,220900,218900,217500,216300,215400,215100
60613,169900,168300,166100,165200,164900,164500,164000,163400,163300,164100,165600,166900,167800,167400,167200,167400,167400,167100,168000,168000,166800,165200,163800,162000,160100,158700,158600,158700,158400,158800,159400,159000,157800,156500,155500,154800,154500,155300,156400,156200,154900,154200,154000,154600,154400,153200,152200,152100,151800,150700,149300,148600,147900,145700,143600,142500,141300,139300,136800,133400,129800,128900,129100,129600,130000,130700,130000,129400,129200,129500,129600,129100,129700,131500,131600,130100,130800,133500,135500,136900,139100,141600,143700,146400,149200,151200,153500,156600,158700,159600,160700,162200,163800,164900,166000,167300,168400,168300,168500,169200,169600,169700,169800,169600,170300,172000,174000,175600,176600,177400,178600,180400,182300,184300,186800,189000,190600,191200,191700,193800,197100,199300,199900,199300,198500,197900,197600,197600,197100,196900,197900,198700,198900,199100,199300,199300,198800,197600,196700,195600,195000,194900,195200,195700,196100,196000,194600,193000,191300,190300,190600,191900,192100,192000,191800,191400,190100,188600,188500,189400,189100,187500,186500,186200,187600,189100,189400,188100,186900,186800,187800,189000,191400,194100,194600,192500,189300,186000,183900,182400,180800,179000
60615,110400,110700,111500,112000,111500,110600,109900,108900,108600,106900,103400,101700,102500,101800,99600,97700,95500,93500,93200,94800,97800,101200,101800,100600,99800,101900,105900,108600,108500,106700,103800,101600,101500,101100,100000,100200,100700,98900,96300,94700,95000,98400,100700,99000,97400,98200,101300,103200,101800,99500,99000,99000,100600,103200,105100,107500,106800,105100,105100,105700,104900,105900,106500,108300,108300,105300,103400,103800,103600,103200,103000,102800,103900,104800,104800,104700,106900,110400,112200,112100,112300,113100,113300,113200,114800,118700,122600,124900,126500,127800,128900,131300,134100,134800,134300,134800,135400,134300,133000,132100,130300,127900,129200,132500,134600,136300,139000,142000,145000,147900,150200,152100,154100,157300,160700,162500,162700,162900,163400,163700,162900,161100,159900,159500,159400,158100,155300,152400,151800,153100,155200,156500,157200,157400,157900,158400,158400,157500,155700,154300,156600,158300,156700,154900,154200,153000,152900,153000,153500,156300,158300,157100,153500,150800,148400,146400,144800,145000,145100,144500,142400,139200,136500,135000,134100,134400,136200,137700,137800,137300,137100,136700,136800,137200,137800,139500,141100,140600,139400,137600,135100,131400
60656,98300,98100,98400,98700,97200,95700,94400,93900,93500,93200,92700,92000,91700,92000,92200,92200,90900,88600,87200,87900,88700,88400,87000,85900,85400,85300,85500,86400,87000,86700,85600,85100,85000,84600,83600,83100,83200,82800,82000,81500,80900,79400,77800,76500,75600,75000,74400,73800,73300,73400,73000,72800,71900,70600,68800,68000,68000,68200,69800,70600,70300,69100,68700,66100,66000,67900,71000,71000,70300,69600,70300,70500,70700,71700,73800,75900,79100,83700,87300,88800,90700,93000,93800,95300,97700,99800,101800,104500,105900,106300,106900,109000,110500,111300,111500,112400,114000,113800,111900,112700,115300,116900,118500,121100,124200,127000,129100,131100,133100,135800,138400,140400,141300,142500,144400,147100,150000,152800,154700,156100,156800,157900,159600,160400,160200,159800,158900,158200,158900,159400,160100,161200,162400,163500,164800,166100,166500,165900,164900,164300,163200,162300,162500,162900,163500,163800,164500,165200,165200,164800,164100,163200,162300,162200,161700,160600,159200,158200,157800,156600,153900,150500,148900,148400,147300,147400,148800,150100,150200,149900,148900,148100,147700,148000,147800,147000,146100,144700,142600,140100,138200,135800
60630,113200,114500,117100,119200,118800,118000,117800,118300,119200,119300,118500,117900,118800,119000,118000,117100,116600,116000,116200,116000,114100,112200,110900,109700,108800,108800,109400,109200,107300,104200,101000,99200,98800,98500,97500,96800,96600,96900,96500,95700,96200,98500,100000,99000,96900,95600,95100,95300,94400,93900,94000,93700,93300,93400,92200,89800,88900,89100,89500,88400,86200,85200,86800,88500,88800,88900,89900,91400,92700,92500,92000,92000,92700,93500,94400,96000,98600,101600,103400,105500,107500,110000,112600,115400,117000,118700,120400,121200,121700,121500,121900,123500,125000,126700,130000,133100,136800,134600,127600,124500,126700,127500,128500,129300,130100,131700,133600,135800,138000,141200,145600,149500,151600,154300,157300,160100,163900,168000,168800,168100,169500,172100,174400,175100,174900,174800,174700,174200,173700,172400,171200,170700,170400,170600,171600,172600,172300,171600,172000,173000,173800,174700,175900,176200,175000,174000,173400,172300,169800,168200,167900,168400,168000,166800,165600,164900,164800,166100,166500,165000,163000,160800,158200,157000,156800,156100,154600,153300,152300,150900,149400,148700,149800,152500,153500,151100,146600,142600,140700,140400,140000,140000
60647,241000,240400,240800,241300,240200,238700,236900,236000,237100,238100,237000,236700,238200,236400,231900,228800,226500,222800,220200,219200,217300,214600,212900,210300,207800,207600,208400,208400,207800,207500,207400,208300,207900,207400,208200,209700,209800,210300,210300,209200,209800,211400,210900,208700,206900,204600,201100,198500,197300,197000,197400,196200,194900,195100,194900,190600,186500,183200,181000,179000,177500,174500,171400,169500,168400,166600,165100,165500,167000,168200,168600,167600,167000,169800,173500,175800,179300,184200,187200,188200,189000,190800,191000,191500,193300,193300,190700,190400,190600,189900,191600,197200,201200,200900,200200,202200,204700,208500,214000,218400,219700,220000,219800,217900,216300,218000,221400,223600,225300,226900,228100,229100,230600,232500,234200,236200,238400,239700,241800,244200,244900,243300,242600,243400,244100,243300,242700,243200,244600,246000,246200,244800,241600,238800,237300,235700,234000,234500,235600,237000,238700,240600,241600,242900,244000,243900,242000,239600,236900,234900,233700,231400,228700,228100,228400,228000,226500,224800,223300,221700,219300,216900,215200,213800,213700,213900,213000,211500,211200,210400,209700,210100,212500,213700,212900,209900,204900,199200,196200,194300,191900,191100
60610,229200,229400,230200,231900,233100,232900,232400,232200,232600,233500,234100,234200,234500,233400,230000,225800,223700,224100,226200,227700,228100,226700,224400,222100,220800,220800,222100,222600,222300,222200,221800,221400,222000,221800,219800,217800,217800,218900,219900,220800,221600,222500,222200,221400,220400,220600,221800,222700,220800,218000,215800,214300,211800,208100,204700,201700,197900,194400,191600,189800,188800,187600,185100,182600,182600,183700,184500,183300,180600,177900,177300,176200,174700,174700,176200,178200,179300,180200,181200,182500,184500,187100,188500,190000,191700,192500,192800,193800,195200,196000,197100,200300,204200,206900,208300,209700,211900,215900,220100,222300,221900,221200,220400,219600,219900,221800,224300,226400,228200,229700,231000,232600,234900,237300,239500,242300,245900,248000,249000,250700,251900,251700,251300,251800,252200,252200,251800,250400,248000,246300,246000,246500,247200,247600,247500,247100,246300,246000,246600,246700,245900,244800,244100,243500,242600,241300,240000,238200,235900,233900,232700,231900,231300,230900,229600,227400,225100,223400,221700,220700,220400,220000,218900,217900,217300,216500,215300,214600,213800,211700,210400,210700,211400,211200,210300,210300,210900,210500,209100,207600,206400,205900
60642,283500,281100,278200,276700,276300,276400,275700,276700,279800,283000,283800,283900,286700,289800,289200,284900,282500,282200,284200,281600,275300,269600,266900,262600,260200,258200,254700,250700,249100,249400,249800,250100,249000,246800,244900,244100,244000,244800,246800,249500,250900,250000,247500,245100,243900,243900,244900,244200,240700,238700,239200,238900,237300,236100,234400,232100,229000,224700,219500,216200,215700,213700,210700,208600,206900,204800,203300,201800,200600,200500,200800,201400,202400,204700,207700,210700,212900,213700,213000,213100,215000,218700,220900,222100,222300,221900,221200,222000,224500,226700,229100,232200,235300,235800,235300,235400,235300,235500,237200,238600,237800,237200,237200,238300,240700,243400,246100,248800,251100,252500,253800,255700,257500,258600,259300,261200,263300,264800,265300,266000,266700,268200,269800,269300,267300,266900,268100,266300,262200,259600,258800,257700,257400,257500,257500,256600,255800,256100,258400,261400,262600,262600,264700,266700,266400,265700,263300,259200,256900,257400,258100,256700,254400,252700,251400,250800,250300,248900,247700,248300,248600,246100,242800,241700,243100,244700,243400,240000,238200,236700,233800,232700,234500,236200,235400,233800,231700,229200,227000,225300,222600,220900
60634,140900,139700,140200,140800,140200,139400,137900,136100,134500,132900,131400,130700,130000,129900,128200,125300,123200,124400,125900,125600,123700,122200,120500,118800,117600,116000,115300,115800,116100,114600,113900,114400,115200,115300,114600,113200,112500,112300,111700,110700,110100,109300,108900,109100,109100,107900,106000,105200,104900,104400,102800,102200,101700,101300,99600,97200,94700,94000,94400,93800,92800,93500,95300,96000,95500,94300,93600,93900,94500,94900,95400,94800,94500,95900,98600,100600,102300,104300,106200,108800,111400,113300,115100,118000,119600,121700,124800,127700,128500,128800,130300,132300,133700,134400,135200,136900,140300,138600,133100,131000,133900,136400,138000,139500,142600,146600,149800,152600,155100,158000,161800,165500,168300,171300,175200,178000,179500,179600,179500,181300,184900,188200,189500,189100,189100,190500,190400,188000,185700,184800,185000,184800,182500,180200,180600,181800,182100,183300,184900,185100,185000,186100,187500,186900,185600,185600,184800,183500,182000,179800,177400,177500,179600,180800,180500,179900,178900,176700,175300,174200,173000,171100,170100,169400,169100,168200,167600,167500,167700,167600,167200,165600,164200,164300,164300,162900,159900,156000,153400,152500,151600,151500
60660,116400,116100,116800,118100,118900,119500,119900,120400,121700,124200,126200,126300,124200,121800,120300,118900,117100,115800,115400,115300,114700,113700,112700,111600,110200,109400,109800,110600,110300,108600,106800,105800,105700,106500,106500,105800,105400,105400,105700,106600,106600,105600,103800,101900,100000,98000,96100,94600,94900,95300,93800,90300,87800,86000,84200,81400,78800,76400,75000,74800,76000,77500,78800,79200,78500,77800,78000,79300,81000,83300,85200,86800,88300,90800,92500,94000,98100,103800,107700,109600,110700,110600,110600,111500,112100,112100,112300,112800,112500,112800,114900,118600,121500,122700,124200,125400,125700,123700,121800,121900,123400,124000,124800,126000,127300,129500,131600,133200,134300,135800,138100,140400,142000,143400,144900,146000,146900,148400,150000,150900,151400,152700,154600,155700,155500,155500,155400,155100,155600,156600,157000,157300,157500,157000,156000,156200,157200,157700,157300,157500,157400,156200,154700,154000,153700,153500,153600,154000,153900,153400,152700,151300,150500,150700,150600,149400,148200,147400,146900,145900,144700,144400,144100,143000,142300,142300,142100,141800,141100,140400,139900,139300,138600,138000,137500,137800,136900,135000,133900,133800,133400,132900
60618,193200,192900,193500,193600,192600,191700,191600,193100,194500,193300,190400,189500,189200,186700,182200,179100,177400,176300,175700,174500,172400,171200,171400,171700,171200,169400,168400,170100,173200,173400,171500,171000,171600,171400,170000,168100,167200,167800,168500,168900,169500,168700,166600,162700,159300,157600,157500,157100,157200,156800,155700,154900,155000,155200,154600,153100,149800,145900,143000,142000,141700,140400,138100,135800,133600,132400,132900,134400,137400,139800,140700,139800,139600,141200,144000,145700,147700,151300,154500,157300,159900,162800,164600,167600,170600,172600,173100,174500,175400,175600,175600,176200,177400,179400,181200,181800,181800,185700,192100,195800,195900,196600,197900,198600,198900,199900,201900,203600,205000,205200,205300,206000,207500,208800,210500,211400,211700,212200,214100,216500,218200,218300,218200,217700,217200,216100,215900,216800,217900,217600,216200,214100,212300,210200,207900,207300,208500,210500,212100,213700,214500,214200,213500,214100,214300,214100,213500,211200,208100,206500,206100,205300,204000,203500,203400,203200,201700,198700,195600,195200,195200,192900,188800,186700,186600,187600,187800,186500,185000,184300,184600,185300,186400,186200,184500,181500,177800,174500,172300,170700,170100,170100
60641,128700,127700,126600,125900,124900,122500,120300,119300,119800,121400,122000,121500,122400,123700,123600,122200,121100,120400,121100,121500,120200,119100,118200,115600,111900,109700,108200,107000,106200,106600,107100,106600,106600,106300,104700,103100,102500,102100,102300,101800,100500,99400,97400,93800,92100,91400,90700,90300,90100,89700,89500,88800,87900,86500,83500,81500,81000,80500,79500,78800,78900,79500,80000,81100,82000,82300,83200,86600,88200,87600,87300,88700,89800,90500,91300,92800,95700,99400,102600,104400,105900,107800,110900,114000,115600,117400,120100,121500,122000,122300,123000,124200,125900,127800,129200,131000,134500,135500,133800,134700,138700,142900,147100,149600,150400,152400,154900,156700,157700,159400,161800,163900,165700,167800,170300,172600,175300,177600,179300,179600,179000,178800,179200,177700,175100,172800,170600,168900,167500,166700,165900,165200,164000,163300,163500,164800,165700,166000,166300,167200,167500,167700,168500,169700,170700,171700,172700,171800,168700,166100,164900,163900,163600,163900,162700,160400,159300,158700,157100,156100,155100,153600,152900,153300,153300,152300,152200,152500,152600,152500,153300,153900,154400,154100,152100,148300,144500,142000,140600,139600,138300,136900
60645,103600,102300,101300,101100,100800,99900,98200,96700,95700,94800,93600,92400,92200,92500,92200,91500,90700,89400,89200,89000,87400,86200,85800,85000,84200,83300,82400,82000,81800,80800,79400,78700,78200,77700,77100,76100,74100,72600,71600,71200,71200,70800,70300,68400,65300,63500,63300,62500,61200,60600,60400,61000,60200,59100,58800,59600,59300,58400,58300,60000,60700,59800,59500,60100,60200,60400,60100,60200,62700,66600,68800,69500,71300,75700,79600,80300,81500,83600,84400,84400,86200,87700,87800,87600,89500,94600,99900,100200,99300,103600,111400,118400,122600,122700,121600,122200,123800,118900,112700,112600,116500,117100,116600,116500,117100,119900,123900,127800,130400,132900,136000,139700,142700,145400,147900,150700,152400,153300,154500,155900,156300,156800,157900,159800,161600,162200,162700,163600,164200,164200,164400,164700,164600,163900,164300,165800,166700,166300,165300,164100,163200,162900,163200,163000,163300,164000,163900,162200,160900,160600,160000,158200,156300,155600,155000,154100,152800,152200,151200,150900,150400,148900,146600,145600,145200,145200,144800,143800,142700,142800,143600,144200,142800,140300,139000,139400,139200,138300,137400,137100,136100,134900
60607,273400,272000,272000,272500,271400,269500,268100,268100,269500,271000,270400,269100,267300,263400,258500,256800,259800,262100,261600,255900,249100,244200,243000,241700,240500,239900,240500,240200,238400,236600,234900,233900,233900,233800,231700,228200,226300,227600,230100,231200,230600,229900,228600,227900,228400,228900,228500,228900,229000,228600,228300,227900,225800,222300,219100,216300,213000,208700,204700,200800,197800,196400,196100,194900,191400,188600,188100,188000,187500,187100,186000,182700,181000,182200,182500,181200,181900,184800,187500,190400,191500,192600,195600,201300,203900,204100,204000,205500,209000,212400,214200,215500,216900,217800,218300,219600,222300,222300,219600,219100,220900,221800,222200,223000,225500,229100,232600,234700,236400,238400,241500,245000,247200,248800,251300,254200,256800,258400,260400,262500,264100,265400,267200,267400,267100,266400,263900,260100,257300,255500,254100,253200,253000,254200,255600,255200,253700,253600,254900,256100,256000,255100,254400,254900,255400,254800,252600,250500,248500,246900,245800,246100,246100,245500,244900,244900,242900,240000,239300,240900,241300,239400,236500,233600,232000,231700,231000,229300,228100,226800,225100,223700,223100,222500,221700,221100,221200,221100,220000,218000,216100,215000
60606,296700,295500,294200,293200,293500,294700,295500,297400,302200,305700,305900,304000,301600,299000,295100,289200,286700,287400,290100,281100,268300,262800,261700,257100,255600,255100,254400,254300,253500,253300,252200,251900,251600,248500,244100,243600,245600,246900,247100,247300,249000,248500,247000,244200,240300,240900,243200,239900,236100,237800,240800,242500,241600,237800,232400,229200,228800,225300,219300,214000,211000,208400,206700,204700,200100,197800,198200,200400,199800,200100,201000,202700,201800,202800,205400,207600,209500,210700,210500,211300,215300,219900,222200,222800,222200,221000,220000,220400,223000,227200,232900,236900,237400,234400,233600,237000,240600,239000,236500,237300,237600,234600,231300,230400,232600,236500,240300,243300,246900,250700,254700,258100,260400,263000,266400,270100,270500,269900,269700,268900,267800,268500,268500,266500,265700,266700,267500,266700,264300,260500,258900,260100,260600,259500,258600,258600,259200,260100,259800,258100,257200,257500,256800,256100,257500,259700,259100,255600,250500,247300,246700,246900,247900,250100,252200,251200,249300,247000,244000,242700,245300,243400,237800,236000,238700,239900,240900,241200,240300,237400,235100,233300,230400,228300,227700,227000,225200,223000,219200,215000,210700,208700
60616,218400,219500,220400,220100,220100,221800,221900,218800,215400,214200,213800,213100,211400,209400,207500,205900,203700,204300,209800,212100,209400,207500,207100,205000,203900,203600,203000,201100,199000,197500,196300,194600,192100,191000,190400,188000,185300,183300,180700,179300,178900,176900,174600,176500,182500,189000,193200,196000,197700,198900,200300,200800,197800,190000,180600,0,0,0,0,0,0,0,0,0,0,0,0,0,0,0,0,0,0,0,0,0,0,0,0,0,0,0,0,0,0,0,0,0,0,0,0,0,0,0,0,0,0,0,0,0,0,0,0,0,0,0,0,0,0,0,0,0,0,0,0,0,0,0,0,0,0,0,0,0,0,0,0,0,0,0,0,0,0,0,0,0,0,0,0,0,0,0,0,0,0,0,0,0,0,0,0,0,0,0,0,0,0,0,0,0,0,0,0,0,0,0,0,0,0,0,0,0,0,0,0,0,0,0,0,0,0,0
60201,207800,205500,203900,204700,205300,204400,203700,203100,200500,197200,195200,193500,191300,189200,186700,183800,181100,177200,173500,172300,174300,176800,176800,175800,177300,179700,180600,180700,182100,183500,183600,183400,184800,185100,182100,178800,179200,181600,183400,182500,180700,178600,175300,172300,172300,175000,175200,173000,172300,172500,170800,171300,174800,179300,184300,185400,180900,175100,172900,172300,169500,168500,171400,172000,167900,165200,162700,159300,155500,152200,149800,147300,146000,148000,150400,151800,153800,155400,155200,157300,160000,163000,168300,175900,177700,176300,176200,177700,177700,179700,184900,190900,195000,195800,193100,190400,191500,189900,186200,184000,184400,184000,184700,186000,188800,192900,197600,202200,206600,210600,214200,217500,220800,224100,227900,230000,230800,231100,232000,232100,233600,234800,236800,238000,240300,239400,237200,236100,237600,239300,240300,239700,237500,236000,235600,236700,236900,236600,236100,236500,237300,237700,237600,238400,240100,239900,237600,235600,234500,236500,237000,234100,230100,228700,227100,225400,224100,223700,223400,222600,221300,219100,217500,217000,218100,219600,220400,221100,221500,222200,222700,221900,221400,221200,219800,218300,217100,214900,213200,212000,210300,207100
60202,154500,154800,155600,157500,158300,157000,156400,157600,159600,160900,161100,160900,160500,158600,155400,152300,150600,150400,152100,152500,149500,146700,146500,146400,146300,146500,146100,145100,143800,143000,143400,145500,148600,150600,149900,147600,146600,146900,147700,147700,147200,146300,145400,144200,143400,143000,144100,146200,143900,139300,139300,143900,147000,146600,142100,137200,134200,132300,129900,128100,126700,127300,127500,125400,122900,124300,126900,126700,124200,121800,121400,123000,126800,130500,132400,133200,135800,139200,141700,143500,146100,149600,152700,155100,156500,158100,160400,162700,163000,160300,159500,163600,167400,167400,166200,164400,164200,163400,161200,160100,161100,162000,162400,162000,162200,164500,167200,169700,171500,173400,175500,178000,180300,182600,185400,187100,188700,190500,190700,189900,190100,190900,191100,190400,189600,190200,190400,190500,192100,194600,197100,199200,199700,198700,198500,198800,198800,199300,199800,200200,200700,201400,201200,201200,200500,199700,197900,195400,192600,190700,190000,190500,190800,190500,189900,189000,187700,186900,187100,187400,187000,186100,184700,182800,180800,179600,178900,178900,179400,180300,181700,184100,187400,187000,184300,181600,179200,174800,171900,170600,169800,168300
